{"stats":{"minecraft:picked_up":{"minecraft:crafting_table":14,"minecraft:chainmail_boots":15,"minecraft:anvil":1,"minecraft:gold_block":2,"minecraft:shield":13,"minecraft:string":6130,"minecraft:raw_copper":66,"minecraft:white_carpet":3,"minecraft:iron_shovel":1,"minecraft:oak_sign":2,"minecraft:smooth_stone":6,"minecraft:gold_nugget":1,"minecraft:cobbled_deepslate":278,"minecraft:bucket":1,"minecraft:beef":32,"minecraft:cobblestone_slab":4,"minecraft:poppy":15,"minecraft:lectern":9,"minecraft:sugar_cane":24,"minecraft:chest":5,"minecraft:furnace":5,"minecraft:iron_boots":11,"minecraft:egg":2,"minecraft:stick":31,"minecraft:raw_iron":461,"minecraft:stone":7,"minecraft:composter":10,"minecraft:torch":115,"minecraft:porkchop":40,"minecraft:diorite":4,"minecraft:redstone":36,"minecraft:arrow":20,"minecraft:rotten_flesh":14,"minecraft:shears":1,"minecraft:hay_block":38,"minecraft:gold_ingot":5,"minecraft:bookshelf":15,"minecraft:obsidian":5,"minecraft:mutton":6,"minecraft:white_wool":3,"minecraft:cobblestone":833,"minecraft:stripped_oak_log":20,"minecraft:enchanting_table":1,"minecraft:andesite":3,"minecraft:leather":40,"minecraft:flint":5,"minecraft:tuff":13,"minecraft:oak_log":93,"minecraft:yellow_bed":17,"minecraft:gunpowder":3,"minecraft:lapis_lazuli":280,"minecraft:dirt":383,"minecraft:name_tag":1,"minecraft:bone":40,"minecraft:chipped_anvil":2,"minecraft:apple":14,"minecraft:stonecutter":3,"minecraft:wheat_seeds":36,"minecraft:grindstone":1,"minecraft:raw_gold":124,"minecraft:bell":12,"minecraft:iron_ingot":50,"minecraft:moss_block":1,"minecraft:stone_hoe":12,"minecraft:iron_sword":1,"minecraft:oak_planks":178,"minecraft:book":36,"minecraft:oak_slab":4,"minecraft:sand":7,"minecraft:dandelion":2,"minecraft:gravel":2,"minecraft:blast_furnace":15,"minecraft:white_bed":42,"minecraft:spider_eye":3,"minecraft:barrel":4,"minecraft:mossy_cobblestone":2,"minecraft:deepslate":14,"minecraft:diamond":23,"minecraft:granite":24,"minecraft:grass":8,"minecraft:bread":67,"minecraft:emerald":25,"minecraft:oak_sapling":4,"minecraft:coal":311},"minecraft:custom":{"minecraft:interact_with_anvil":6,"minecraft:mob_kills":237,"minecraft:inspect_hopper":5,"minecraft:interact_with_crafting_table":79,"minecraft:open_barrel":14,"minecraft:bell_ring":87,"minecraft:leave_game":1,"minecraft:time_since_death":226896,"minecraft:climb_one_cm":16116,"minecraft:sprint_one_cm":661034,"minecraft:walk_one_cm":304356,"minecraft:damage_blocked_by_shield":3735,"minecraft:drop":282,"minecraft:talked_to_villager":141,"minecraft:play_time":226896,"minecraft:sneak_time":21091,"minecraft:walk_under_water_one_cm":20301,"minecraft:jump":4285,"minecraft:interact_with_blast_furnace":79,"minecraft:enchant_item":14,"minecraft:walk_on_water_one_cm":34808,"minecraft:total_world_time":226896,"minecraft:interact_with_furnace":55,"minecraft:traded_with_villager":485,"minecraft:interact_with_grindstone":14,"minecraft:sleep_in_bed":8,"minecraft:time_since_rest":7166,"minecraft:damage_taken":1832,"minecraft:damage_dealt":50282,"minecraft:swim_one_cm":57202,"minecraft:fly_one_cm":635213,"minecraft:open_chest":175,"minecraft:crouch_one_cm":46668,"minecraft:fall_one_cm":82865},"minecraft:mined":{"minecraft:tuff":9,"minecraft:white_bed":42,"minecraft:mossy_cobblestone":2,"minecraft:deepslate_diamond_ore":10,"minecraft:obsidian":5,"minecraft:granite":24,"minecraft:grass_block":131,"minecraft:moss_block":1,"minecraft:hopper":1,"minecraft:composter":4,"minecraft:smooth_stone":6,"minecraft:hay_block":38,"minecraft:furnace":6,"minecraft:cobbled_deepslate":42,"minecraft:iron_ore":109,"minecraft:barrel":4,"minecraft:andesite":5,"minecraft:anvil":1,"minecraft:deepslate_lapis_ore":19,"minecraft:enchanting_table":1,"minecraft:gold_block":2,"minecraft:bell":7,"minecraft:bookshelf":19,"minecraft:deepslate_iron_ore":94,"minecraft:dirt_path":16,"minecraft:stripped_oak_log":20,"minecraft:stone":443,"minecraft:tripwire":3,"minecraft:deepslate_redstone_ore":6,"minecraft:dandelion":1,"minecraft:crafting_table":14,"minecraft:torch":3,"minecraft:blast_furnace":13,"minecraft:chest":5,"minecraft:lectern":8,"minecraft:copper_ore":8,"minecraft:tall_grass":25,"minecraft:cobblestone":127,"minecraft:grindstone":1,"minecraft:deepslate_gold_ore":27,"minecraft:lapis_ore":5,"minecraft:oak_planks":11,"minecraft:sugar_cane":10,"minecraft:diorite":4,"minecraft:wall_torch":2,"minecraft:seagrass":1,"minecraft:white_carpet":2,"minecraft:yellow_bed":15,"minecraft:grass":99,"minecraft:coal_ore":114,"minecraft:oak_log":93,"minecraft:sand":5,"minecraft:gravel":2,"minecraft:dirt":281,"minecraft:cobweb":4,"minecraft:stonecutter":1,"minecraft:gold_ore":8,"minecraft:chipped_anvil":2,"minecraft:deepslate":222},"minecraft:crafted":{"minecraft:smooth_stone":9,"minecraft:raw_iron":288,"minecraft:grindstone":1,"minecraft:oak_planks":452,"minecraft:cobblestone_slab":6,"minecraft:barrel":4,"minecraft:oak_sign":9,"minecraft:tripwire_hook":2,"minecraft:furnace":8,"minecraft:blast_furnace":5,"minecraft:stone":12,"minecraft:lever":1,"minecraft:bookshelf":15,"minecraft:white_carpet":3,"minecraft:oak_trapdoor":2,"minecraft:hopper":8,"minecraft:diamond_helmet":1,"minecraft:diamond_leggings":1,"minecraft:iron_boots":10,"minecraft:iron_axe":1,"minecraft:ladder":6,"minecraft:stone_pickaxe":1,"minecraft:chest":15,"minecraft:diamond_boots":1,"minecraft:stone_hoe":11,"minecraft:raw_iron_block":32,"minecraft:wheat":342,"minecraft:oak_slab":12,"minecraft:diamond_sword":1,"minecraft:emerald":404,"minecraft:diamond_axe":1,"minecraft:enchanting_table":1,"minecraft:crafting_table":6,"minecraft:wooden_pickaxe":1,"minecraft:iron_sword":1,"minecraft:raw_gold_block":8,"minecraft:smithing_table":1,"minecraft:bucket":4,"minecraft:stone_axe":1,"minecraft:enchanted_book":2,"minecraft:bread":154,"minecraft:air":0,"minecraft:oak_boat":1,"minecraft:golden_apple":7,"minecraft:book":8,"minecraft:white_wool":2,"minecraft:paper":24,"minecraft:diamond_pickaxe":3,"minecraft:shield":16,"minecraft:raw_gold":72,"minecraft:stone_slab":6,"minecraft:stick":72,"minecraft:iron_ingot":439,"minecraft:chainmail_boots":12,"minecraft:iron_pickaxe":3,"minecraft:iron_block":17,"minecraft:stone_sword":1,"minecraft:iron_shovel":2,"minecraft:gold_ingot":93,"minecraft:anvil":1,"minecraft:white_bed":1,"minecraft:torch":32,"minecraft:shears":1,"minecraft:lapis_lazuli":9,"minecraft:lapis_block":25,"minecraft:diamond_chestplate":1},"minecraft:killed":{"minecraft:spider":20,"minecraft:skeleton":50,"minecraft:horse":8,"minecraft:chicken":1,"minecraft:drowned":1,"minecraft:pig":12,"minecraft:zombie_villager":1,"minecraft:iron_golem":7,"minecraft:bat":1,"minecraft:creeper":11,"minecraft:sheep":3,"minecraft:donkey":7,"minecraft:zombie":89,"minecraft:enderman":2,"minecraft:cow":9},"minecraft:dropped":{"minecraft:stone_hoe":23,"minecraft:bread":154,"minecraft:iron_sword":2,"minecraft:oak_slab":4,"minecraft:porkchop":20,"minecraft:wheat_seeds":30,"minecraft:lapis_lazuli":19,"minecraft:golden_pickaxe":1,"minecraft:mossy_cobblestone":2,"minecraft:diamond":4,"minecraft:cobblestone":350,"minecraft:book":24,"minecraft:apple":11,"minecraft:leather":16,"minecraft:granite":1,"minecraft:coal":64,"minecraft:emerald":57,"minecraft:flint":3,"minecraft:stick":25,"minecraft:dirt":66,"minecraft:grass":8,"minecraft:torch":23,"minecraft:mutton":6,"minecraft:gold_nugget":1,"minecraft:stonecutter":1,"minecraft:iron_axe":1,"minecraft:iron_shovel":2,"minecraft:string":26,"minecraft:bucket":1,"minecraft:dandelion":1,"minecraft:redstone":13,"minecraft:bone":24,"minecraft:gravel":1,"minecraft:furnace":2,"minecraft:stone_axe":1,"minecraft:deepslate":1,"minecraft:cobbled_deepslate":125,"minecraft:raw_copper":42,"minecraft:tuff":13,"minecraft:composter":3,"minecraft:raw_iron":1,"minecraft:rotten_flesh":15,"minecraft:oak_planks":39,"minecraft:iron_boots":21,"minecraft:stone_slab":5,"minecraft:oak_sign":2,"minecraft:shears":1,"minecraft:blast_furnace":2,"minecraft:filled_map":1,"minecraft:poppy":11,"minecraft:cobblestone_slab":4,"minecraft:stone":3,"minecraft:shield":29,"minecraft:gunpowder":3,"minecraft:yellow_bed":3,"minecraft:chainmail_boots":27,"minecraft:oak_sapling":4,"minecraft:spider_eye":3,"minecraft:arrow":16,"minecraft:beef":16,"minecraft:stone_pickaxe":1,"minecraft:wooden_pickaxe":1,"minecraft:raw_gold":5,"minecraft:bell":1},"minecraft:used":{"minecraft:moss_block":1,"minecraft:oak_trapdoor":2,"minecraft:enchanting_table":2,"minecraft:iron_shovel":419,"minecraft:stone_sword":138,"minecraft:ladder":6,"minecraft:poppy":2,"minecraft:oak_sign":7,"minecraft:chest":12,"minecraft:shield":64,"minecraft:iron_sword":221,"minecraft:bell":9,"minecraft:stone_hoe":40,"minecraft:dirt":341,"minecraft:torch":15,"minecraft:anvil":2,"minecraft:white_carpet":5,"minecraft:hopper":9,"minecraft:granite":23,"minecraft:lava_bucket":1,"minecraft:chipped_anvil":2,"minecraft:bookshelf":30,"minecraft:iron_axe":56,"minecraft:barrel":8,"minecraft:tripwire_hook":2,"minecraft:furnace":6,"minecraft:egg":2,"minecraft:cobbled_deepslate":121,"minecraft:water_bucket":37,"minecraft:diorite":4,"minecraft:stone_pickaxe":71,"minecraft:oak_planks":34,"minecraft:wooden_pickaxe":3,"minecraft:composter":2,"minecraft:diamond_axe":94,"minecraft:cobblestone_slab":2,"minecraft:crafting_table":18,"minecraft:blast_furnace":13,"minecraft:white_bed":42,"minecraft:shears":11,"minecraft:lever":1,"minecraft:diamond_pickaxe":650,"minecraft:bread":70,"minecraft:string":7,"minecraft:iron_pickaxe":621,"minecraft:lectern":8,"minecraft:deepslate":13,"minecraft:gravel":1,"minecraft:stone_axe":81,"minecraft:diamond_sword":271,"minecraft:cobblestone":227,"minecraft:grindstone":2,"minecraft:smithing_table":1,"minecraft:andesite":1,"minecraft:bucket":41,"minecraft:yellow_bed":13,"minecraft:oak_boat":1,"minecraft:dandelion":1},"minecraft:broken":{"minecraft:stone_sword":1,"minecraft:iron_pickaxe":2}},"DataVersion":3463}