{"stats":{"minecraft:picked_up":{"minecraft:crafting_table":9,"minecraft:chainmail_boots":15,"minecraft:shield":13,"minecraft:string":6124,"minecraft:raw_copper":66,"minecraft:iron_shovel":1,"minecraft:white_carpet":2,"minecraft:oak_sign":2,"minecraft:smooth_stone":6,"minecraft:gold_nugget":1,"minecraft:cobbled_deepslate":6,"minecraft:bucket":1,"minecraft:beef":32,"minecraft:cobblestone_slab":4,"minecraft:poppy":15,"minecraft:lectern":9,"minecraft:sugar_cane":24,"minecraft:chest":4,"minecraft:iron_boots":11,"minecraft:egg":2,"minecraft:stick":27,"minecraft:raw_iron":94,"minecraft:composter":10,"minecraft:torch":48,"minecraft:porkchop":40,"minecraft:arrow":17,"minecraft:rotten_flesh":5,"minecraft:shears":1,"minecraft:hay_block":38,"minecraft:mutton":6,"minecraft:white_wool":3,"minecraft:cobblestone":733,"minecraft:stripped_oak_log":20,"minecraft:andesite":2,"minecraft:leather":40,"minecraft:tuff":1,"minecraft:oak_log":93,"minecraft:yellow_bed":17,"minecraft:gunpowder":2,"minecraft:lapis_lazuli":26,"minecraft:dirt":383,"minecraft:bone":30,"minecraft:apple":14,"minecraft:stonecutter":3,"minecraft:wheat_seeds":33,"minecraft:bell":12,"minecraft:iron_ingot":35,"minecraft:stone_hoe":12,"minecraft:oak_planks":10,"minecraft:book":35,"minecraft:oak_slab":4,"minecraft:dandelion":2,"minecraft:blast_furnace":7,"minecraft:white_bed":37,"minecraft:barrel":4,"minecraft:spider_eye":2,"minecraft:mossy_cobblestone":2,"minecraft:diamond":8,"minecraft:granite":24,"minecraft:grass":8,"minecraft:emerald":25,"minecraft:bread":64,"minecraft:oak_sapling":4,"minecraft:coal":236},"minecraft:custom":{"minecraft:mob_kills":102,"minecraft:inspect_hopper":1,"minecraft:interact_with_crafting_table":51,"minecraft:open_barrel":2,"minecraft:bell_ring":80,"minecraft:time_since_death":126212,"minecraft:climb_one_cm":9375,"minecraft:sprint_one_cm":402438,"minecraft:walk_one_cm":191628,"minecraft:damage_blocked_by_shield":2505,"minecraft:drop":220,"minecraft:talked_to_villager":94,"minecraft:play_time":126212,"minecraft:sneak_time":14970,"minecraft:walk_under_water_one_cm":1587,"minecraft:jump":2330,"minecraft:interact_with_blast_furnace":21,"minecraft:walk_on_water_one_cm":19067,"minecraft:total_world_time":126212,"minecraft:traded_with_villager":341,"minecraft:sleep_in_bed":6,"minecraft:time_since_rest":1567,"minecraft:damage_taken":631,"minecraft:damage_dealt":23183,"minecraft:swim_one_cm":4649,"minecraft:fly_one_cm":381741,"minecraft:open_chest":106,"minecraft:crouch_one_cm":35205,"minecraft:fall_one_cm":46127},"minecraft:mined":{"minecraft:white_bed":37,"minecraft:mossy_cobblestone":2,"minecraft:deepslate_diamond_ore":4,"minecraft:granite":24,"minecraft:grass_block":131,"minecraft:hopper":1,"minecraft:composter":4,"minecraft:hay_block":38,"minecraft:smooth_stone":6,"minecraft:iron_ore":86,"minecraft:barrel":4,"minecraft:andesite":2,"minecraft:deepslate_lapis_ore":1,"minecraft:bell":7,"minecraft:bookshelf":4,"minecraft:dirt_path":16,"minecraft:deepslate_iron_ore":8,"minecraft:stripped_oak_log":20,"minecraft:stone":409,"minecraft:tripwire":3,"minecraft:dandelion":1,"minecraft:crafting_table":9,"minecraft:torch":2,"minecraft:blast_furnace":5,"minecraft:chest":4,"minecraft:lectern":8,"minecraft:tall_grass":25,"minecraft:copper_ore":8,"minecraft:cobblestone":42,"minecraft:lapis_ore":1,"minecraft:oak_planks":10,"minecraft:sugar_cane":10,"minecraft:wall_torch":1,"minecraft:white_carpet":1,"minecraft:yellow_bed":15,"minecraft:grass":92,"minecraft:oak_log":93,"minecraft:coal_ore":113,"minecraft:dirt":281,"minecraft:stonecutter":1,"minecraft:deepslate":1},"minecraft:crafted":{"minecraft:oak_planks":452,"minecraft:cobblestone_slab":6,"minecraft:barrel":4,"minecraft:oak_sign":9,"minecraft:tripwire_hook":2,"minecraft:furnace":2,"minecraft:blast_furnace":2,"minecraft:lever":1,"minecraft:white_carpet":3,"minecraft:oak_trapdoor":2,"minecraft:hopper":8,"minecraft:diamond_helmet":1,"minecraft:diamond_leggings":1,"minecraft:iron_boots":10,"minecraft:iron_axe":1,"minecraft:ladder":6,"minecraft:stone_pickaxe":1,"minecraft:chest":15,"minecraft:diamond_boots":1,"minecraft:stone_hoe":11,"minecraft:wheat":342,"minecraft:oak_slab":12,"minecraft:emerald":276,"minecraft:diamond_axe":1,"minecraft:crafting_table":3,"minecraft:wooden_pickaxe":1,"minecraft:iron_sword":1,"minecraft:smithing_table":1,"minecraft:bucket":3,"minecraft:stone_axe":1,"minecraft:enchanted_book":2,"minecraft:bread":124,"minecraft:air":0,"minecraft:oak_boat":1,"minecraft:white_wool":2,"minecraft:book":8,"minecraft:paper":24,"minecraft:diamond_pickaxe":1,"minecraft:shield":16,"minecraft:stick":64,"minecraft:chainmail_boots":12,"minecraft:iron_ingot":94,"minecraft:iron_pickaxe":3,"minecraft:stone_sword":1,"minecraft:iron_shovel":2,"minecraft:white_bed":1,"minecraft:torch":32,"minecraft:shears":1,"minecraft:diamond_chestplate":1},"minecraft:killed":{"minecraft:spider":6,"minecraft:skeleton":12,"minecraft:horse":8,"minecraft:chicken":1,"minecraft:pig":12,"minecraft:zombie_villager":1,"minecraft:iron_golem":7,"minecraft:bat":1,"minecraft:creeper":2,"minecraft:sheep":3,"minecraft:zombie":29,"minecraft:donkey":7,"minecraft:cow":9},"minecraft:used":{"minecraft:oak_trapdoor":2,"minecraft:stone_sword":138,"minecraft:iron_shovel":419,"minecraft:ladder":6,"minecraft:poppy":2,"minecraft:oak_sign":7,"minecraft:chest":9,"minecraft:shield":44,"minecraft:iron_sword":156,"minecraft:bell":9,"minecraft:stone_hoe":40,"minecraft:torch":13,"minecraft:dirt":341,"minecraft:white_carpet":5,"minecraft:hopper":9,"minecraft:granite":23,"minecraft:lava_bucket":1,"minecraft:iron_axe":56,"minecraft:barrel":8,"minecraft:tripwire_hook":2,"minecraft:egg":2,"minecraft:water_bucket":9,"minecraft:stone_pickaxe":71,"minecraft:oak_planks":14,"minecraft:wooden_pickaxe":3,"minecraft:composter":2,"minecraft:diamond_axe":76,"minecraft:cobblestone_slab":2,"minecraft:crafting_table":12,"minecraft:blast_furnace":5,"minecraft:white_bed":34,"minecraft:shears":11,"minecraft:lever":1,"minecraft:diamond_pickaxe":29,"minecraft:bread":31,"minecraft:string":7,"minecraft:iron_pickaxe":621,"minecraft:lectern":8,"minecraft:stone_axe":81,"minecraft:cobblestone":79,"minecraft:smithing_table":1,"minecraft:bucket":12,"minecraft:yellow_bed":13,"minecraft:oak_boat":1,"minecraft:dandelion":1},"minecraft:dropped":{"minecraft:stone_hoe":23,"minecraft:bread":124,"minecraft:oak_slab":4,"minecraft:lapis_lazuli":13,"minecraft:porkchop":20,"minecraft:wheat_seeds":27,"minecraft:mossy_cobblestone":2,"minecraft:diamond":4,"minecraft:cobblestone":339,"minecraft:book":22,"minecraft:leather":16,"minecraft:apple":11,"minecraft:granite":1,"minecraft:coal":64,"minecraft:emerald":57,"minecraft:stick":20,"minecraft:dirt":66,"minecraft:grass":8,"minecraft:torch":23,"minecraft:mutton":6,"minecraft:gold_nugget":1,"minecraft:stonecutter":1,"minecraft:iron_axe":1,"minecraft:iron_shovel":1,"minecraft:string":22,"minecraft:bucket":1,"minecraft:bone":14,"minecraft:dandelion":1,"minecraft:stone_axe":1,"minecraft:cobbled_deepslate":6,"minecraft:raw_copper":42,"minecraft:tuff":1,"minecraft:composter":3,"minecraft:rotten_flesh":5,"minecraft:oak_planks":1,"minecraft:iron_boots":21,"minecraft:oak_sign":2,"minecraft:shears":1,"minecraft:blast_furnace":2,"minecraft:poppy":11,"minecraft:cobblestone_slab":4,"minecraft:shield":28,"minecraft:gunpowder":2,"minecraft:yellow_bed":2,"minecraft:chainmail_boots":27,"minecraft:oak_sapling":4,"minecraft:spider_eye":2,"minecraft:arrow":13,"minecraft:beef":16,"minecraft:wooden_pickaxe":1,"minecraft:stone_pickaxe":1,"minecraft:bell":1},"minecraft:broken":{"minecraft:stone_sword":1,"minecraft:iron_pickaxe":2}},"DataVersion":3463}