{"stats":{"minecraft:picked_up":{"minecraft:wheat":23,"minecraft:chainmail_boots":15,"minecraft:anvil":1,"minecraft:string":8676,"minecraft:raw_copper":66,"minecraft:oak_sign":8,"minecraft:beetroot":1,"minecraft:cobbled_deepslate":278,"minecraft:gold_nugget":1,"minecraft:smooth_stone":6,"minecraft:bucket":1,"minecraft:cobblestone_slab":4,"minecraft:furnace":5,"minecraft:iron_boots":11,"minecraft:stick":31,"minecraft:composter":10,"minecraft:torch":118,"minecraft:porkchop":40,"minecraft:diorite":4,"minecraft:rotten_flesh":28,"minecraft:bookshelf":15,"minecraft:obsidian":5,"minecraft:cobblestone":901,"minecraft:enchanting_table":1,"minecraft:feather":2,"minecraft:andesite":3,"minecraft:potato":36,"minecraft:flint":5,"minecraft:tuff":13,"minecraft:lapis_lazuli":280,"minecraft:dirt":559,"minecraft:name_tag":1,"minecraft:leather_boots":1,"minecraft:bone":47,"minecraft:chipped_anvil":2,"minecraft:stonecutter":3,"minecraft:wheat_seeds":120,"minecraft:raw_gold":124,"minecraft:bell":12,"minecraft:grindstone":1,"minecraft:moss_block":1,"minecraft:stone_hoe":12,"minecraft:oak_planks":179,"minecraft:cooked_porkchop":3,"minecraft:sand":7,"minecraft:barrel":4,"minecraft:mossy_cobblestone":2,"minecraft:diamond":24,"minecraft:deepslate":14,"minecraft:lever":6,"minecraft:granite":24,"minecraft:grass":8,"minecraft:emerald":25,"minecraft:bread":67,"minecraft:oak_sapling":4,"minecraft:crafting_table":16,"minecraft:gold_block":2,"minecraft:shield":13,"minecraft:oak_trapdoor":2,"minecraft:white_carpet":5,"minecraft:iron_shovel":1,"minecraft:beef":32,"minecraft:poppy":17,"minecraft:lectern":9,"minecraft:sugar_cane":24,"minecraft:chest":9,"minecraft:egg":4,"minecraft:raw_iron":461,"minecraft:stone":159,"minecraft:carrot":56,"minecraft:redstone":36,"minecraft:arrow":27,"minecraft:beetroot_seeds":5,"minecraft:shears":1,"minecraft:hay_block":38,"minecraft:gold_ingot":5,"minecraft:mutton":6,"minecraft:white_wool":3,"minecraft:stripped_oak_log":48,"minecraft:tripwire_hook":2,"minecraft:leather":40,"minecraft:oak_log":188,"minecraft:yellow_bed":17,"minecraft:gunpowder":3,"minecraft:apple":14,"minecraft:iron_ingot":57,"minecraft:cooked_chicken":1,"minecraft:iron_sword":1,"minecraft:book":36,"minecraft:oak_slab":4,"minecraft:dandelion":4,"minecraft:gravel":2,"minecraft:blast_furnace":15,"minecraft:white_bed":42,"minecraft:spider_eye":3,"minecraft:coal":311,"minecraft:hopper":30},"minecraft:custom":{"minecraft:interact_with_crafting_table":112,"minecraft:open_barrel":23,"minecraft:bell_ring":87,"minecraft:leave_game":3,"minecraft:time_since_death":286721,"minecraft:sprint_one_cm":846417,"minecraft:damage_blocked_by_shield":3735,"minecraft:drop":312,"minecraft:talked_to_villager":156,"minecraft:play_time":286721,"minecraft:jump":5215,"minecraft:walk_on_water_one_cm":75801,"minecraft:enchant_item":14,"minecraft:interact_with_furnace":55,"minecraft:traded_with_villager":517,"minecraft:sleep_in_bed":11,"minecraft:damage_dealt":56299,"minecraft:crouch_one_cm":59250,"minecraft:mob_kills":270,"minecraft:interact_with_anvil":6,"minecraft:inspect_hopper":12,"minecraft:climb_one_cm":25067,"minecraft:walk_one_cm":388648,"minecraft:sneak_time":26051,"minecraft:walk_under_water_one_cm":21888,"minecraft:interact_with_blast_furnace":80,"minecraft:total_world_time":286721,"minecraft:interact_with_grindstone":14,"minecraft:time_since_rest":13151,"minecraft:damage_taken":2119,"minecraft:swim_one_cm":59301,"minecraft:fly_one_cm":786505,"minecraft:open_chest":245,"minecraft:fall_one_cm":95136},"minecraft:mined":{"minecraft:white_bed":42,"minecraft:obsidian":5,"minecraft:granite":24,"minecraft:grass_block":191,"minecraft:composter":4,"minecraft:hopper":31,"minecraft:oak_wall_sign":2,"minecraft:smooth_stone":6,"minecraft:iron_ore":109,"minecraft:cobbled_deepslate":42,"minecraft:barrel":4,"minecraft:deepslate_lapis_ore":19,"minecraft:anvil":1,"minecraft:enchanting_table":1,"minecraft:dirt_path":16,"minecraft:tripwire":7,"minecraft:deepslate_redstone_ore":6,"minecraft:torch":3,"minecraft:blast_furnace":13,"minecraft:chest":9,"minecraft:cobblestone":197,"minecraft:grindstone":1,"minecraft:sugar_cane":10,"minecraft:oak_planks":12,"minecraft:wall_torch":2,"minecraft:seagrass":1,"minecraft:wheat":23,"minecraft:grass":175,"minecraft:oak_log":188,"minecraft:beetroots":2,"minecraft:sand":5,"minecraft:dirt":397,"minecraft:stonecutter":1,"minecraft:oak_leaves":5,"minecraft:deepslate":222,"minecraft:tuff":9,"minecraft:mossy_cobblestone":2,"minecraft:deepslate_diamond_ore":10,"minecraft:lever":5,"minecraft:moss_block":1,"minecraft:hay_block":38,"minecraft:oak_trapdoor":2,"minecraft:furnace":6,"minecraft:carrots":21,"minecraft:andesite":5,"minecraft:gold_block":2,"minecraft:bell":7,"minecraft:bookshelf":19,"minecraft:potatoes":11,"minecraft:deepslate_iron_ore":94,"minecraft:stripped_oak_log":48,"minecraft:stone":601,"minecraft:dandelion":2,"minecraft:crafting_table":17,"minecraft:lectern":8,"minecraft:tall_grass":29,"minecraft:copper_ore":8,"minecraft:lapis_ore":5,"minecraft:deepslate_gold_ore":27,"minecraft:diorite":4,"minecraft:white_carpet":3,"minecraft:yellow_bed":15,"minecraft:coal_ore":114,"minecraft:gravel":2,"minecraft:cobweb":4,"minecraft:chipped_anvil":2,"minecraft:gold_ore":8},"minecraft:crafted":{"minecraft:grindstone":1,"minecraft:oak_planks":940,"minecraft:smooth_stone":9,"minecraft:cobblestone_slab":6,"minecraft:oak_sign":21,"minecraft:barrel":4,"minecraft:stone":12,"minecraft:lever":2,"minecraft:diamond_shovel":1,"minecraft:bookshelf":15,"minecraft:hopper":32,"minecraft:diamond_helmet":1,"minecraft:diamond_leggings":1,"minecraft:iron_boots":10,"minecraft:chest":60,"minecraft:stone_hoe":11,"minecraft:raw_iron_block":32,"minecraft:oak_slab":12,"minecraft:emerald":436,"minecraft:diamond_axe":1,"minecraft:crafting_table":9,"minecraft:wooden_pickaxe":1,"minecraft:raw_gold_block":8,"minecraft:smithing_table":1,"minecraft:diamond_pickaxe":3,"minecraft:book":8,"minecraft:paper":24,"minecraft:shield":16,"minecraft:stick":104,"minecraft:stone_slab":6,"minecraft:iron_ingot":439,"minecraft:iron_pickaxe":3,"minecraft:iron_block":17,"minecraft:stone_sword":1,"minecraft:gold_ingot":93,"minecraft:shears":1,"minecraft:raw_iron":288,"minecraft:tripwire_hook":4,"minecraft:furnace":8,"minecraft:blast_furnace":5,"minecraft:white_carpet":3,"minecraft:oak_trapdoor":4,"minecraft:iron_axe":1,"minecraft:ladder":6,"minecraft:stone_pickaxe":1,"minecraft:diamond_boots":1,"minecraft:wheat":342,"minecraft:diamond_sword":1,"minecraft:enchanting_table":1,"minecraft:iron_sword":1,"minecraft:bucket":6,"minecraft:stone_axe":1,"minecraft:enchanted_book":2,"minecraft:bread":154,"minecraft:air":0,"minecraft:oak_boat":1,"minecraft:white_wool":2,"minecraft:golden_apple":7,"minecraft:raw_gold":72,"minecraft:chainmail_boots":12,"minecraft:iron_shovel":2,"minecraft:anvil":1,"minecraft:white_bed":1,"minecraft:torch":32,"minecraft:lapis_lazuli":9,"minecraft:lapis_block":25,"minecraft:diamond_chestplate":1},"minecraft:killed":{"minecraft:spider":24,"minecraft:skeleton":58,"minecraft:chicken":2,"minecraft:pig":13,"minecraft:zombie_villager":1,"minecraft:iron_golem":7,"minecraft:creeper":13,"minecraft:sheep":3,"minecraft:zombie":102,"minecraft:donkey":7,"minecraft:cow":9,"minecraft:horse":8,"minecraft:drowned":1,"minecraft:bat":1,"minecraft:enderman":2},"minecraft:dropped":{"minecraft:iron_sword":2,"minecraft:porkchop":20,"minecraft:lapis_lazuli":19,"minecraft:golden_pickaxe":1,"minecraft:diamond":5,"minecraft:leather":16,"minecraft:flint":3,"minecraft:emerald":57,"minecraft:dirt":66,"minecraft:grass":8,"minecraft:mutton":6,"minecraft:gold_nugget":1,"minecraft:bone":31,"minecraft:gravel":1,"minecraft:stone_axe":1,"minecraft:cooked_chicken":1,"minecraft:cobbled_deepslate":125,"minecraft:beetroot":1,"minecraft:rotten_flesh":29,"minecraft:oak_planks":39,"minecraft:poppy":15,"minecraft:gunpowder":3,"minecraft:beetroot_seeds":5,"minecraft:leather_boots":1,"minecraft:chainmail_boots":27,"minecraft:arrow":23,"minecraft:beef":16,"minecraft:egg":1,"minecraft:stone_hoe":23,"minecraft:bread":154,"minecraft:oak_slab":4,"minecraft:wheat_seeds":38,"minecraft:mossy_cobblestone":2,"minecraft:feather":2,"minecraft:cobblestone":351,"minecraft:book":24,"minecraft:apple":11,"minecraft:granite":1,"minecraft:coal":64,"minecraft:stick":25,"minecraft:torch":25,"minecraft:stonecutter":1,"minecraft:iron_axe":1,"minecraft:iron_shovel":2,"minecraft:string":26,"minecraft:bucket":1,"minecraft:dandelion":3,"minecraft:redstone":13,"minecraft:furnace":2,"minecraft:raw_copper":42,"minecraft:deepslate":1,"minecraft:tuff":13,"minecraft:raw_iron":1,"minecraft:composter":3,"minecraft:iron_boots":21,"minecraft:stone_slab":5,"minecraft:oak_sign":2,"minecraft:shears":1,"minecraft:blast_furnace":2,"minecraft:filled_map":1,"minecraft:cobblestone_slab":4,"minecraft:stone":3,"minecraft:shield":29,"minecraft:yellow_bed":3,"minecraft:oak_sapling":4,"minecraft:spider_eye":3,"minecraft:stone_pickaxe":1,"minecraft:wooden_pickaxe":1,"minecraft:raw_gold":5,"minecraft:bell":1},"minecraft:used":{"minecraft:moss_block":1,"minecraft:iron_shovel":419,"minecraft:poppy":2,"minecraft:ladder":6,"minecraft:oak_sign":21,"minecraft:chest":34,"minecraft:shield":64,"minecraft:stone":23,"minecraft:iron_sword":221,"minecraft:bell":9,"minecraft:carrot":34,"minecraft:lava_bucket":1,"minecraft:furnace":6,"minecraft:egg":3,"minecraft:potato":23,"minecraft:diorite":4,"minecraft:stone_pickaxe":71,"minecraft:oak_planks":35,"minecraft:wooden_pickaxe":3,"minecraft:composter":2,"minecraft:diamond_axe":286,"minecraft:blast_furnace":13,"minecraft:shears":26,"minecraft:lever":8,"minecraft:bread":79,"minecraft:string":43,"minecraft:lectern":8,"minecraft:deepslate":13,"minecraft:gravel":1,"minecraft:diamond_sword":337,"minecraft:grindstone":2,"minecraft:smithing_table":1,"minecraft:andesite":1,"minecraft:oak_boat":1,"minecraft:oak_trapdoor":6,"minecraft:enchanting_table":2,"minecraft:stone_sword":138,"minecraft:stone_hoe":40,"minecraft:torch":16,"minecraft:dirt":414,"minecraft:anvil":2,"minecraft:white_carpet":5,"minecraft:hopper":63,"minecraft:granite":23,"minecraft:chipped_anvil":2,"minecraft:bookshelf":30,"minecraft:iron_axe":56,"minecraft:barrel":8,"minecraft:tripwire_hook":6,"minecraft:cobbled_deepslate":121,"minecraft:water_bucket":68,"minecraft:cobblestone_slab":2,"minecraft:crafting_table":23,"minecraft:white_bed":42,"minecraft:oak_log":1,"minecraft:diamond_pickaxe":911,"minecraft:diamond_shovel":176,"minecraft:iron_pickaxe":621,"minecraft:stone_axe":81,"minecraft:cobblestone":404,"minecraft:cooked_porkchop":3,"minecraft:bucket":71,"minecraft:yellow_bed":13,"minecraft:dandelion":1},"minecraft:broken":{"minecraft:stone_sword":1,"minecraft:iron_pickaxe":2}},"DataVersion":3463}